<?xml version="1.0" encoding="UTF-8"?>

<!DOCTYPE configuration
PUBLIC "-//mybatis.org//DTD Config 3.0//EN"
"http://mybatis.org/dtd/mybatis-3-config.dtd">

<configuration>
	<!-- DB 테이블과 컬럼들을 mapper에 매핑하기 위한 변수 선언 -->
	<!-- 
	* property
	- name : mapper.xml에서 사용될 이름
	- value : DB 테이블 및 컬럼 이름
	 -->
	 
	 <properties>
	 	<property name="test_board" value="test_board"/>
	 	<property name="boardId" value="board_id"/>
	 	<property name="boardTitle" value="board_title"/>
	 	<property name="boardContent" value="board_content"/>
	 	<property name="memberId" value="member_id"/>
	 	<property name="boardDateCreated" value="board_date_created"/>
	 	<property name="replyCnt" value="reply_cnt"/>
	 	
	 	<property name="test_reply" value="test_reply"/>
	 	<property name="replyId" value="reply_id"/>
	 	<property name="boardId" value="board_id"/>
	 	<property name="memberId" value="member_id"/>
	 	<property name="replyContent" value="reply_content"/>
	 	<property name="replyDateCreated" value="reply_date_created"/>
	 	
	 </properties>
	 
	 <!-- underscore 명명법을 camel 명명법으로 변환 가능하도록 세팅 -->
	 <settings>
	 	<setting name="mapUnderscoreToCamelCase" value="true"></setting>
	 </settings>
	 
	 <!-- typeAliases : mapper.xml의 select 리턴 타입에 들어갈 클래스 경로를 설정 -->
	 <typeAliases>
	 	<package name="edu.spring.ex03.domain"/>
	 </typeAliases>
	 
	 
</configuration>







