<?xml version="1.0" encoding="UTF-8"?>
<beans:beans xmlns="http://www.springframework.org/schema/mvc"
	xmlns:xsi="http://www.w3.org/2001/XMLSchema-instance"
	xmlns:beans="http://www.springframework.org/schema/beans"
	xmlns:context="http://www.springframework.org/schema/context"
	xsi:schemaLocation="http://www.springframework.org/schema/mvc https://www.springframework.org/schema/mvc/spring-mvc.xsd
		http://www.springframework.org/schema/beans https://www.springframework.org/schema/beans/spring-beans.xsd
		http://www.springframework.org/schema/context https://www.springframework.org/schema/context/spring-context.xsd">

	<!-- DispatcherServlet Context: defines this servlet's request-processing infrastructure -->
	
	<!-- Enables the Spring MVC @Controller programming model -->
	<annotation-driven />

	<!-- Handles HTTP GET requests for /resources/** by efficiently serving up static resources in the ${webappRoot}/resources directory -->
	<resources mapping="/resources/**" location="/resources/" />

	<!-- Resolves views selected for rendering by @Controllers to .jsp resources in the /WEB-INF/views directory -->
	<beans:bean class="org.springframework.web.servlet.view.InternalResourceViewResolver">
		<beans:property name="prefix" value="/WEB-INF/views/" />
		<beans:property name="suffix" value=".jsp" />
	</beans:bean>
	
	<context:component-scan base-package="edu.spring.ex04" />
	
	<!-- Interceptor클래스의 인스턴트를 bean으로 관리 -->
	<beans:bean id="sample1" 
		class="edu.spring.ex04.interceptor.SampleInterceptor1">
	</beans:bean>
	<beans:bean id="sample2"
		class="edu.spring.ex04.interceptor.SampleInterceptor2">
	</beans:bean>
	<beans:bean id="authInterceptor" 
		class="edu.spring.ex04.interceptor.AuthInterceptor">
	</beans:bean>
	<!-- 빈은 스프링에서 보내주는 객체 -->
	
	<!-- Interceptor가 가로챌 URL 매핑 설정 -->
	<interceptors>
		<interceptor>
			<mapping path="/"/> <!-- interceptor할 url 경로 -->
			<beans:ref bean ="sample1"/> <!-- 참조할 bean 객체 -->
		</interceptor>
		<interceptor>
			<mapping path="/test1"/>
			<mapping path="/test2"/>
			<beans:ref bean="sample2"/>
		</interceptor>
		<interceptor>
			<mapping path="/board/register"/>
			<mapping path="/board/temp"/>
			<beans:ref bean="authInterceptor"/>
		</interceptor>
	</interceptors>
	
	<!-- 뒤로가기 캐쉬 삭제 설정 코드.로그인후 뒤로가기 두번해도 로그인유지 -->
	<interceptors>
		<beans:bean id="webContentInterceptor"
			class="org.springframework.web.servlet.mvc.WebContentInterceptor">
			<beans:property name="cacheSeconds" value="0"></beans:property>
			<beans:property name="useExpiresHeader" value="true"></beans:property>
			<beans:property name="useCacheControlHeader" value="true"></beans:property>
			<beans:property name="useCacheControlNoStore" value="true"></beans:property>
		</beans:bean>
	</interceptors>
	
	<context:component-scan base-package="edu.spring.ex04" />
	
</beans:beans>
