<?xml version="1.0" encoding="UTF-8"?>
<!DOCTYPE mapper
PUBLIC "-//mybatis.org//DTD Mapper 3.0//EN"
"http://mybatis.org/dtd/mybatis-3-mapper.dtd">
<mapper namespace="edu.spring.ex03.BoardMapper">
<!-- namespace : dao 클래스의 sqlSession과 연결하기 위한 키로 사용 -->

	<!-- 
	* mapper 태그
	<insert>, <select>, <update>, <delete>
	dao - sqlSession의 함수(insert, selectOne, selectList, update, delete)
	와 매핑되어 쿼리를 수행
	
	* mapper 태그의 id 속성
	dao 클래스의 sqlSession 특정 함수와 연결하기 위해 사용
	
	* mapper 쿼리 특징
	${key 이름} : mybatis-config.xml의 property - name과 매칭. DB 테이블의 컬럼
	#{key 이름} : dao 클래스의 sqlSession에서 전송받은 데이터 변수명(입력받은 데이터)
	 -->
	 <insert id="insert">
	 	insert into ${test_board}
	 	(${boardTitle}, ${boardContent}, ${memberId})
	 	values (#{boardTitle}, #{boardContent}, #{memberId})
	 </insert>
	 
	 <select id="select_all" resultType="BoardVO">
	 	select * from ${test_board}
	 	order by ${boardId} desc
	 </select>
	 
	 <select id="select_by_board_id" resultType="BoardVO">
	 	select * from ${test_board} where ${boardId} = #{boardId}
	 </select>
	 
	 <update id="update">
	 	update ${test_board}
	 	set ${boardTitle} = #{boardTitle}, ${boardContent} = #{boardContent}
	 	where ${boardId} = #{boardId}
	 </update>
	 
	 <delete id="delete">
	 	delete from ${test_board}
	 	where ${boardId} = #{boardId}
	 </delete>
	 
	 <select id="paging" resultType="BoardVO">
	 	select ${boardId}, ${boardTitle}, ${boardContent}, ${memberId}, ${boardDateCreated}, ${replyCnt}
	 	from(
	 		select rownum rn, a.* from(
	 			select * from ${test_board} order by ${boardId} desc	
	 		)a
	 	) where rn between #{start} and #{end}
	 </select>
	 
	 <!-- 
	 #{start} : criteria.getStart()
	 #{end} : criteria.getEnd()
	  -->
	  
	 <select id="total_count" resultType="Integer">
	 	select count(*) total_cnt from ${test_board}
	 </select>
	 
	 <select id="select_by_memberid" resultType="BoardVO">
	 	select * from ${test_board}
	 	where ${memberId} like #{memberId}
	 </select>
	 
	 <select id="select_by_title_content" resultType="BoardVO">
	 	select * from ${test_board}
	 	where ${boardTitle} like #{keyword} or
	 		${boardContent} like #{keyword}
	 		order by ${boardId} desc
	 </select>
	 
	 <update id="update_reply_cnt">
	 	update ${test_board}
	 	set ${replyCnt} = ${replyCnt} + #{amount}
	 	where ${boardId} = #{boardId}
	 </update>
	  
	 
</mapper>















